<?xml version = '1.0' encoding = 'UTF-8'?>
<Entity class="oracle.dbtools.crest.model.design.logical.Entity" directorySegmentName="seg_0" id="66BDF23D-4F3F-ED05-BA7E-822E8782AEF9" name="REPUESTOS">
<createdBy>vvasquez</createdBy>
<createdTime>2024-09-09 23:49:21 UTC</createdTime>
<ownerDesignName>Exp2_S6</ownerDesignName>
<engineerTo>
<item key="063626BC-9490-884D-E09F-F4882C36803A" value="true"/>
</engineerTo>
<adequatelyNormalized>NO</adequatelyNormalized>
<expectedVolumes>0</expectedVolumes>
<fwdEngineeringStrategyName>Single Table</fwdEngineeringStrategyName>
<growthPercent>0</growthPercent>
<growthType>Year</growthType>
<maxVolumes>9999999</maxVolumes>
<minVolumes>0</minVolumes>
<normalForm>Third</normalForm>
<attributes itemClass="oracle.dbtools.crest.model.design.logical.Attribute">
<Attribute name="idRepuesto" id="10A72BA1-BD10-B88C-3B78-E7518059D2FB">
<createdBy>vvasquez</createdBy>
<createdTime>2024-09-09 23:49:30 UTC</createdTime>
<ownerDesignName>Exp2_S6</ownerDesignName>
<engineerTo>
<item key="063626BC-9490-884D-E09F-F4882C36803A" value="true"/>
</engineerTo>
<useDomainConstraints>false</useDomainConstraints>
<use>1</use>
<logicalDatatype>LOGDT027</logicalDatatype>
<ownDataTypeParameters>,,</ownDataTypeParameters>
</Attribute>
<Attribute name="descripcion" id="B2778CAF-A4C2-4A0C-636D-4586B8843DF3">
<createdBy>vvasquez</createdBy>
<createdTime>2024-09-09 23:49:55 UTC</createdTime>
<ownerDesignName>Exp2_S6</ownerDesignName>
<engineerTo>
<item key="063626BC-9490-884D-E09F-F4882C36803A" value="true"/>
</engineerTo>
<useDomainConstraints>false</useDomainConstraints>
<use>1</use>
<logicalDatatype>LOGDT024</logicalDatatype>
<dataTypeSize>100 CHAR</dataTypeSize>
<ownDataTypeParameters>100 CHAR,,</ownDataTypeParameters>
</Attribute>
<Attribute name="cantidad" id="DEF2F0FE-C5A3-36BE-E026-175D31EC2DC6">
<createdBy>vvasquez</createdBy>
<createdTime>2024-09-09 23:50:17 UTC</createdTime>
<ownerDesignName>Exp2_S6</ownerDesignName>
<engineerTo>
<item key="063626BC-9490-884D-E09F-F4882C36803A" value="true"/>
</engineerTo>
<useDomainConstraints>false</useDomainConstraints>
<use>1</use>
<logicalDatatype>LOGDT011</logicalDatatype>
<ownDataTypeParameters>,,</ownDataTypeParameters>
</Attribute>
<Attribute name="costo_unitario" id="F1DAD96A-37C6-9171-306A-49F188B56774">
<createdBy>vvasquez</createdBy>
<createdTime>2024-09-09 23:50:31 UTC</createdTime>
<ownerDesignName>Exp2_S6</ownerDesignName>
<engineerTo>
<item key="063626BC-9490-884D-E09F-F4882C36803A" value="true"/>
</engineerTo>
<useDomainConstraints>false</useDomainConstraints>
<use>1</use>
<logicalDatatype>LOGDT011</logicalDatatype>
<ownDataTypeParameters>,,</ownDataTypeParameters>
</Attribute>
<Attribute name="idServicio" id="856CEAB0-CBFB-267A-01ED-F155957605DD">
<createdBy>vvasquez</createdBy>
<createdTime>2024-09-09 23:59:50 UTC</createdTime>
<generatorID>B6DDE9AA-F639-18BA-5EDE-294E0456FE30</generatorID>
<ownerDesignName>Exp2_S6</ownerDesignName>
<engineerTo>
<item key="063626BC-9490-884D-E09F-F4882C36803A" value="true"/>
</engineerTo>
<referedAttribute>DC55C01F-B362-294E-8964-6B635333F423</referedAttribute>
<useDomainConstraints>false</useDomainConstraints>
<use>1</use>
<logicalDatatype>LOGDT027</logicalDatatype>
<ownDataTypeParameters>,,</ownDataTypeParameters>
</Attribute>
</attributes>
<identifiers itemClass="oracle.dbtools.crest.model.design.logical.CandidateKey">
<identifier id="0CB00D94-F3A5-DB81-B6EB-B725AECC6E02" name="REPUESTOS PK">
<createdBy>vvasquez</createdBy>
<createdTime>2024-09-09 23:49:38 UTC</createdTime>
<ownerDesignName>Exp2_S6</ownerDesignName>
<engineerTo>
<item key="063626BC-9490-884D-E09F-F4882C36803A" value="true"/>
</engineerTo>
<pk>true</pk>
<usedAttributes>
<attributeRef>10A72BA1-BD10-B88C-3B78-E7518059D2FB</attributeRef>
<attributeRef>856CEAB0-CBFB-267A-01ED-F155957605DD</attributeRef>
</usedAttributes>
</identifier>
</identifiers>
</Entity>