<?xml version = '1.0' encoding = 'UTF-8'?>
<Entity class="oracle.dbtools.crest.model.design.logical.Entity" directorySegmentName="seg_0" id="7B1B4E36-2A4D-A362-0A6B-67428EE5AEC1" name="VEHICULO">
<createdBy>vvasquez</createdBy>
<createdTime>2024-09-09 23:40:17 UTC</createdTime>
<ownerDesignName>Exp2_S6</ownerDesignName>
<engineerTo>
<item key="A8C92208-83EF-2252-90D6-9B641B258A2A" value="true"/>
</engineerTo>
<adequatelyNormalized>NO</adequatelyNormalized>
<expectedVolumes>0</expectedVolumes>
<fwdEngineeringStrategyName>Single Table</fwdEngineeringStrategyName>
<growthPercent>0</growthPercent>
<growthType>Year</growthType>
<maxVolumes>9999999</maxVolumes>
<minVolumes>0</minVolumes>
<normalForm>Third</normalForm>
<attributes itemClass="oracle.dbtools.crest.model.design.logical.Attribute">
<Attribute name="patente" id="B02E7329-7C94-AF6F-EB7F-E7EF08ED27C0">
<createdBy>vvasquez</createdBy>
<createdTime>2024-09-09 23:40:37 UTC</createdTime>
<ownerDesignName>Exp2_S6</ownerDesignName>
<engineerTo>
<item key="A8C92208-83EF-2252-90D6-9B641B258A2A" value="true"/>
</engineerTo>
<useDomainConstraints>false</useDomainConstraints>
<use>1</use>
<logicalDatatype>LOGDT024</logicalDatatype>
<dataTypeSize>6 CHAR</dataTypeSize>
<ownDataTypeParameters>6 CHAR,,</ownDataTypeParameters>
</Attribute>
<Attribute name="marca" id="B34A457A-DAB0-0122-205F-08DB3BFB97F2">
<createdBy>vvasquez</createdBy>
<createdTime>2024-09-09 23:41:02 UTC</createdTime>
<ownerDesignName>Exp2_S6</ownerDesignName>
<engineerTo>
<item key="A8C92208-83EF-2252-90D6-9B641B258A2A" value="true"/>
</engineerTo>
<useDomainConstraints>false</useDomainConstraints>
<use>1</use>
<logicalDatatype>LOGDT024</logicalDatatype>
<dataTypeSize>50 CHAR</dataTypeSize>
<ownDataTypeParameters>50 CHAR,,</ownDataTypeParameters>
</Attribute>
<Attribute name="modelo" id="7B2140B3-58D3-408B-6A53-8B113565CF86">
<createdBy>vvasquez</createdBy>
<createdTime>2024-09-09 23:41:15 UTC</createdTime>
<ownerDesignName>Exp2_S6</ownerDesignName>
<engineerTo>
<item key="A8C92208-83EF-2252-90D6-9B641B258A2A" value="true"/>
</engineerTo>
<useDomainConstraints>false</useDomainConstraints>
<use>1</use>
<logicalDatatype>LOGDT024</logicalDatatype>
<dataTypeSize>50 CHAR</dataTypeSize>
<ownDataTypeParameters>50 CHAR,,</ownDataTypeParameters>
</Attribute>
<Attribute name="tipo" id="170920CD-5047-F19D-24B4-222794527CBD">
<createdBy>vvasquez</createdBy>
<createdTime>2024-09-17 01:29:55 UTC</createdTime>
<ownerDesignName>Exp2_S6</ownerDesignName>
<engineerTo>
<item key="A8C92208-83EF-2252-90D6-9B641B258A2A" value="true"/>
</engineerTo>
<useDomainConstraints>false</useDomainConstraints>
<use>1</use>
<logicalDatatype>LOGDT024</logicalDatatype>
<dataTypeSize>30 CHAR</dataTypeSize>
<ownDataTypeParameters>30 CHAR,,</ownDataTypeParameters>
</Attribute>
<Attribute name="anno" id="B58C8274-7170-4F5E-01E9-0FDE6642FA45">
<createdBy>vvasquez</createdBy>
<createdTime>2024-09-09 23:41:30 UTC</createdTime>
<ownerDesignName>Exp2_S6</ownerDesignName>
<engineerTo>
<item key="A8C92208-83EF-2252-90D6-9B641B258A2A" value="true"/>
</engineerTo>
<nullsAllowed>true</nullsAllowed>
<useDomainConstraints>false</useDomainConstraints>
<use>1</use>
<logicalDatatype>LOGDT011</logicalDatatype>
<ownDataTypeParameters>,,</ownDataTypeParameters>
</Attribute>
<Attribute name="color" id="62ACCF57-3296-99E5-E540-6A04201DFC04">
<createdBy>vvasquez</createdBy>
<createdTime>2024-09-09 23:42:27 UTC</createdTime>
<ownerDesignName>Exp2_S6</ownerDesignName>
<engineerTo>
<item key="A8C92208-83EF-2252-90D6-9B641B258A2A" value="true"/>
</engineerTo>
<nullsAllowed>true</nullsAllowed>
<useDomainConstraints>false</useDomainConstraints>
<use>1</use>
<logicalDatatype>LOGDT024</logicalDatatype>
<dataTypeSize>50 CHAR</dataTypeSize>
<ownDataTypeParameters>50 CHAR,,</ownDataTypeParameters>
</Attribute>
<Attribute name="rut" id="56025C43-D194-BE55-530D-76F91E3884C1">
<createdBy>vvasquez</createdBy>
<createdTime>2024-09-09 23:53:35 UTC</createdTime>
<generatorID>6AB5AD92-A739-6765-71AD-BAE72376632B</generatorID>
<ownerDesignName>Exp2_S6</ownerDesignName>
<engineerTo>
<item key="A8C92208-83EF-2252-90D6-9B641B258A2A" value="true"/>
</engineerTo>
<referedAttribute>63129A96-CE9D-B06F-B86E-FBB09FAD2234</referedAttribute>
<useDomainConstraints>false</useDomainConstraints>
<use>1</use>
<logicalDatatype>LOGDT024</logicalDatatype>
<dataTypeSize>9 CHAR</dataTypeSize>
<ownDataTypeParameters>9 CHAR,,</ownDataTypeParameters>
</Attribute>
</attributes>
<identifiers itemClass="oracle.dbtools.crest.model.design.logical.CandidateKey">
<identifier id="D5376EDC-0CB3-21C3-E1C2-5838B9DDD795" name="VEHICULO PK">
<createdBy>vvasquez</createdBy>
<createdTime>2024-09-09 23:40:57 UTC</createdTime>
<ownerDesignName>Exp2_S6</ownerDesignName>
<engineerTo>
<item key="A8C92208-83EF-2252-90D6-9B641B258A2A" value="true"/>
</engineerTo>
<pk>true</pk>
<usedAttributes>
<attributeRef>B02E7329-7C94-AF6F-EB7F-E7EF08ED27C0</attributeRef>
</usedAttributes>
</identifier>
</identifiers>
</Entity>