<?xml version = '1.0' encoding = 'UTF-8'?>
<Entity class="oracle.dbtools.crest.model.design.logical.Entity" directorySegmentName="seg_0" id="8B117DCA-E825-EE98-FB3B-4891B906AE18" name="ORDEN_ATENCION">
<createdBy>vvasquez</createdBy>
<createdTime>2024-09-09 23:42:50 UTC</createdTime>
<ownerDesignName>Exp2_S6</ownerDesignName>
<engineerTo>
<item key="063626BC-9490-884D-E09F-F4882C36803A" value="true"/>
</engineerTo>
<adequatelyNormalized>NO</adequatelyNormalized>
<expectedVolumes>0</expectedVolumes>
<fwdEngineeringStrategyName>Single Table</fwdEngineeringStrategyName>
<growthPercent>0</growthPercent>
<growthType>Year</growthType>
<maxVolumes>9999999</maxVolumes>
<minVolumes>0</minVolumes>
<normalForm>Third</normalForm>
<attributes itemClass="oracle.dbtools.crest.model.design.logical.Attribute">
<Attribute name="idOrden" id="FECF260B-D1A9-4009-03BD-8176527283EC">
<createdBy>vvasquez</createdBy>
<createdTime>2024-09-09 23:43:00 UTC</createdTime>
<ownerDesignName>Exp2_S6</ownerDesignName>
<engineerTo>
<item key="063626BC-9490-884D-E09F-F4882C36803A" value="true"/>
</engineerTo>
<useDomainConstraints>false</useDomainConstraints>
<use>1</use>
<logicalDatatype>LOGDT027</logicalDatatype>
<ownDataTypeParameters>,,</ownDataTypeParameters>
</Attribute>
<Attribute name="fecha_ingreso" id="C44E520C-A0B3-C329-D5A5-61716AC8B015">
<createdBy>vvasquez</createdBy>
<createdTime>2024-09-09 23:44:20 UTC</createdTime>
<ownerDesignName>Exp2_S6</ownerDesignName>
<engineerTo>
<item key="063626BC-9490-884D-E09F-F4882C36803A" value="true"/>
</engineerTo>
<useDomainConstraints>false</useDomainConstraints>
<use>1</use>
<logicalDatatype>LOGDT008</logicalDatatype>
<ownDataTypeParameters>,,</ownDataTypeParameters>
</Attribute>
<Attribute name="rut" id="F0F13D37-887F-7DC7-F067-234963CC407C">
<createdBy>vvasquez</createdBy>
<createdTime>2024-09-09 23:55:54 UTC</createdTime>
<generatorID>F39C4003-BE10-FCAA-243B-FB245137CCFF</generatorID>
<ownerDesignName>Exp2_S6</ownerDesignName>
<engineerTo>
<item key="063626BC-9490-884D-E09F-F4882C36803A" value="true"/>
</engineerTo>
<referedAttribute>63129A96-CE9D-B06F-B86E-FBB09FAD2234</referedAttribute>
<useDomainConstraints>false</useDomainConstraints>
<use>1</use>
<logicalDatatype>LOGDT024</logicalDatatype>
<dataTypeSize>9 CHAR</dataTypeSize>
<ownDataTypeParameters>9 CHAR,,</ownDataTypeParameters>
</Attribute>
<Attribute name="patente" id="D4C9F070-5D4F-B110-0151-492063F6EB3B">
<createdBy>vvasquez</createdBy>
<createdTime>2024-09-09 23:56:07 UTC</createdTime>
<generatorID>7E0CF63D-8644-EF6A-9972-C5CE17263158</generatorID>
<ownerDesignName>Exp2_S6</ownerDesignName>
<engineerTo>
<item key="063626BC-9490-884D-E09F-F4882C36803A" value="true"/>
</engineerTo>
<referedAttribute>B02E7329-7C94-AF6F-EB7F-E7EF08ED27C0</referedAttribute>
<useDomainConstraints>false</useDomainConstraints>
<use>1</use>
<logicalDatatype>LOGDT024</logicalDatatype>
<dataTypeSize>6 CHAR</dataTypeSize>
<ownDataTypeParameters>6 CHAR,,</ownDataTypeParameters>
</Attribute>
</attributes>
<identifiers itemClass="oracle.dbtools.crest.model.design.logical.CandidateKey">
<identifier id="1FEA874C-07EB-34F8-B6B9-30EA6890E8AF" name="ORDEN_ATENCION PK">
<createdBy>vvasquez</createdBy>
<createdTime>2024-09-09 23:43:17 UTC</createdTime>
<ownerDesignName>Exp2_S6</ownerDesignName>
<engineerTo>
<item key="063626BC-9490-884D-E09F-F4882C36803A" value="true"/>
</engineerTo>
<pk>true</pk>
<usedAttributes>
<attributeRef>FECF260B-D1A9-4009-03BD-8176527283EC</attributeRef>
<attributeRef>D4C9F070-5D4F-B110-0151-492063F6EB3B</attributeRef>
</usedAttributes>
</identifier>
</identifiers>
</Entity>