<?xml version = '1.0' encoding = 'UTF-8'?>
<Relation class="oracle.dbtools.crest.model.design.logical.Relation" name="Relation_7" directorySegmentName="seg_0" id="1B0F751A-04D3-9BDF-FD54-3532A773DE80">
<createdBy>vvasquez</createdBy>
<createdTime>2024-09-10 00:00:26 UTC</createdTime>
<ownerDesignName>Exp2_S6</ownerDesignName>
<engineerTo>
<item key="063626BC-9490-884D-E09F-F4882C36803A" value="true"/>
</engineerTo>
<sourcePk>1FEA874C-07EB-34F8-B6B9-30EA6890E8AF</sourcePk>
<identifying>false</identifying>
<optionalSource>false</optionalSource>
<optionalTarget>false</optionalTarget>
<sourceCardinality>1</sourceCardinality>
<sourceEntity>8B117DCA-E825-EE98-FB3B-4891B906AE18</sourceEntity>
<targetCardinalityString>*</targetCardinalityString>
<targetEntity>3F211FFF-65B3-B96E-B1A5-CA44E2B9B7E3</targetEntity>
<transferable>true</transferable>
<deleteRule>NO ACTION</deleteRule>
</Relation>