<?xml version = '1.0' encoding = 'UTF-8'?>
<Relation class="oracle.dbtools.crest.model.design.logical.Relation" name="Relation_4" directorySegmentName="seg_0" id="7E0CF63D-8644-EF6A-9972-C5CE17263158">
<createdBy>vvasquez</createdBy>
<createdTime>2024-09-09 23:56:07 UTC</createdTime>
<ownerDesignName>Exp2_S6</ownerDesignName>
<engineerTo>
<item key="063626BC-9490-884D-E09F-F4882C36803A" value="true"/>
</engineerTo>
<sourcePk>D5376EDC-0CB3-21C3-E1C2-5838B9DDD795</sourcePk>
<identifying>true</identifying>
<optionalSource>false</optionalSource>
<optionalTarget>false</optionalTarget>
<sourceCardinality>1</sourceCardinality>
<sourceEntity>7B1B4E36-2A4D-A362-0A6B-67428EE5AEC1</sourceEntity>
<targetCardinalityString>*</targetCardinalityString>
<targetEntity>8B117DCA-E825-EE98-FB3B-4891B906AE18</targetEntity>
<transferable>true</transferable>
<deleteRule>NO ACTION</deleteRule>
</Relation>