<?xml version = '1.0' encoding = 'UTF-8'?>
<FKIndexAssociation class="oracle.dbtools.crest.model.design.relational.FKIndexAssociation" directorySegmentName="seg_0" id="1B06E1FE-8DDD-DEF9-BA68-8FB3AF69F5F2" containerWithKeyObject="843F92BD-14EF-7196-B57C-02B2A4FEF835" localFKIndex="EE00B5DE-3871-DC5D-BD7A-09648E9DE568" name="CAMION_VEHICULO_FK">
<createdBy>vvasquez</createdBy>
<createdTime>2024-09-17 01:35:10 UTC</createdTime>
<generatorID>228F7B4F-7F34-9614-22B1-669810BB658D</generatorID>
<ownerDesignName>Exp2_S6</ownerDesignName>
<referredTableLongName>VEHICULO</referredTableLongName>
<arc>78730447-22D8-D2C1-0ABA-78E6E51D1024</arc>
<deleteRule>NO ACTION</deleteRule>
<referredTableID>35A2FE94-E444-C30C-B3BD-14ACC0CFE692</referredTableID>
<keyObject>0591EC95-2A8F-0B60-8EA2-D7044B4C04B0</keyObject>
<referredKeyID>0591EC95-2A8F-0B60-8EA2-D7044B4C04B0</referredKeyID>
<mandatory>true</mandatory>
<refColNames>patente</refColNames>
<transferable>true</transferable>
<rely>false</rely>
<discriminatorValue>CAMION</discriminatorValue>
<columnDependencyConstraintGenerateInDDL>true</columnDependencyConstraintGenerateInDDL>
</FKIndexAssociation>