<?xml version = '1.0' encoding = 'UTF-8'?>
<FKIndexAssociation class="oracle.dbtools.crest.model.design.relational.FKIndexAssociation" directorySegmentName="seg_0" id="4A7E3E57-AFA2-16C5-2817-6026B84B99E3" containerWithKeyObject="8045E9B3-840F-AC92-3E29-B522253683EC" localFKIndex="54203407-72DF-FA70-CEEB-074283385062" name="ORDEN_ATENCION_VEHICULO_FK">
<createdBy>vvasquez</createdBy>
<createdTime>2024-09-17 01:35:10 UTC</createdTime>
<generatorID>7E0CF63D-8644-EF6A-9972-C5CE17263158</generatorID>
<ownerDesignName>Exp2_S6</ownerDesignName>
<referredTableLongName>VEHICULO</referredTableLongName>
<deleteRule>NO ACTION</deleteRule>
<referredTableID>35A2FE94-E444-C30C-B3BD-14ACC0CFE692</referredTableID>
<keyObject>0591EC95-2A8F-0B60-8EA2-D7044B4C04B0</keyObject>
<referredKeyID>0591EC95-2A8F-0B60-8EA2-D7044B4C04B0</referredKeyID>
<mandatory>true</mandatory>
<refColNames>patente</refColNames>
<transferable>true</transferable>
<rely>false</rely>
<columnDependencyConstraintGenerateInDDL>true</columnDependencyConstraintGenerateInDDL>
</FKIndexAssociation>