<?xml version = '1.0' encoding = 'UTF-8'?>
<FKIndexAssociation class="oracle.dbtools.crest.model.design.relational.FKIndexAssociation" directorySegmentName="seg_0" id="6CDF1174-D760-E39E-BA40-B789F17B071F" containerWithKeyObject="8045E9B3-840F-AC92-3E29-B522253683EC" localFKIndex="EF8EDC5F-2501-3AE0-7C49-111BFE26E82A" name="ORDEN_ATENCION_CLIENTE_FK">
<createdBy>vvasquez</createdBy>
<createdTime>2024-09-17 01:35:10 UTC</createdTime>
<generatorID>F39C4003-BE10-FCAA-243B-FB245137CCFF</generatorID>
<ownerDesignName>Exp2_S6</ownerDesignName>
<referredTableLongName>CLIENTE</referredTableLongName>
<deleteRule>NO ACTION</deleteRule>
<referredTableID>46AB8C24-7D00-86FA-0B9E-9F0A1B3FDCCD</referredTableID>
<keyObject>9BE2DEF0-F1B6-456E-2EB1-A101DDCEB8AF</keyObject>
<referredKeyID>9BE2DEF0-F1B6-456E-2EB1-A101DDCEB8AF</referredKeyID>
<mandatory>true</mandatory>
<refColNames>rut</refColNames>
<transferable>true</transferable>
<rely>false</rely>
<columnDependencyConstraintGenerateInDDL>true</columnDependencyConstraintGenerateInDDL>
</FKIndexAssociation>