<?xml version = '1.0' encoding = 'UTF-8'?>
<FKIndexAssociation class="oracle.dbtools.crest.model.design.relational.FKIndexAssociation" directorySegmentName="seg_0" id="8DC911F4-D6A2-8605-2D7D-5B60485BE386" containerWithKeyObject="54F9E9DB-7E11-DE0C-BDC3-7B858DB78B73" localFKIndex="4875DBF4-834B-49E6-0213-44CC185A0468" name="SERVICIO_ESTADO_FK">
<createdBy>vvasquez</createdBy>
<createdTime>2024-09-17 01:35:10 UTC</createdTime>
<generatorID>1F98C5F7-9A25-33EB-18D6-17E9107CB1FE</generatorID>
<ownerDesignName>Exp2_S6</ownerDesignName>
<referredTableLongName>ESTADO</referredTableLongName>
<deleteRule>NO ACTION</deleteRule>
<referredTableID>756103D1-028D-543C-F3A6-1B34F1656DC0</referredTableID>
<keyObject>EEE93C3C-E0DD-5A0D-0BB5-98A26DAFF804</keyObject>
<referredKeyID>EEE93C3C-E0DD-5A0D-0BB5-98A26DAFF804</referredKeyID>
<mandatory>false</mandatory>
<refColNames>idEstado</refColNames>
<transferable>true</transferable>
<rely>false</rely>
<columnDependencyConstraintGenerateInDDL>true</columnDependencyConstraintGenerateInDDL>
</FKIndexAssociation>