<?xml version = '1.0' encoding = 'UTF-8'?>
<FKIndexAssociation class="oracle.dbtools.crest.model.design.relational.FKIndexAssociation" directorySegmentName="seg_0" id="9CBC693B-F266-BADD-7A27-D821541057B9" containerWithKeyObject="54F9E9DB-7E11-DE0C-BDC3-7B858DB78B73" localFKIndex="3D309073-EAE9-D9F8-E072-58DE22CB7248" name="SERVICIO_ORDEN_ATENCION_FK">
<createdBy>vvasquez</createdBy>
<createdTime>2024-09-17 01:35:10 UTC</createdTime>
<generatorID>1B0F751A-04D3-9BDF-FD54-3532A773DE80</generatorID>
<ownerDesignName>Exp2_S6</ownerDesignName>
<referredTableLongName>ORDEN_ATENCION</referredTableLongName>
<deleteRule>NO ACTION</deleteRule>
<referredTableID>8045E9B3-840F-AC92-3E29-B522253683EC</referredTableID>
<keyObject>273283B2-9A4D-A5CF-0ECA-AB4198999694</keyObject>
<referredKeyID>273283B2-9A4D-A5CF-0ECA-AB4198999694</referredKeyID>
<mandatory>true</mandatory>
<refColNames>idOrden,VEHICULO_patente</refColNames>
<transferable>true</transferable>
<rely>false</rely>
<columnDependencyConstraintGenerateInDDL>true</columnDependencyConstraintGenerateInDDL>
</FKIndexAssociation>