<?xml version = '1.0' encoding = 'UTF-8'?>
<FKIndexAssociation class="oracle.dbtools.crest.model.design.relational.FKIndexAssociation" directorySegmentName="seg_0" id="A54C56F8-32AA-E0C3-9C6E-A72FD4157DF7" containerWithKeyObject="35A2FE94-E444-C30C-B3BD-14ACC0CFE692" localFKIndex="E33C0D2B-166D-D6D7-9991-B5A89C950D6D" name="VEHICULO_CLIENTE_FK">
<createdBy>vvasquez</createdBy>
<createdTime>2024-09-17 01:35:10 UTC</createdTime>
<generatorID>6AB5AD92-A739-6765-71AD-BAE72376632B</generatorID>
<ownerDesignName>Exp2_S6</ownerDesignName>
<referredTableLongName>CLIENTE</referredTableLongName>
<deleteRule>NO ACTION</deleteRule>
<referredTableID>46AB8C24-7D00-86FA-0B9E-9F0A1B3FDCCD</referredTableID>
<keyObject>9BE2DEF0-F1B6-456E-2EB1-A101DDCEB8AF</keyObject>
<referredKeyID>9BE2DEF0-F1B6-456E-2EB1-A101DDCEB8AF</referredKeyID>
<mandatory>true</mandatory>
<refColNames>rut</refColNames>
<transferable>true</transferable>
<rely>false</rely>
<columnDependencyConstraintGenerateInDDL>true</columnDependencyConstraintGenerateInDDL>
</FKIndexAssociation>