<?xml version = '1.0' encoding = 'UTF-8'?>
<FKIndexAssociation class="oracle.dbtools.crest.model.design.relational.FKIndexAssociation" directorySegmentName="seg_0" id="B40780BD-B12E-D69A-0B8E-EE7DA0A7B5E7" containerWithKeyObject="36372540-E292-0B45-708B-55731484BB4E" localFKIndex="A92C7AA9-65A0-3D40-6C01-7EEED61CE6BC" name="REPUESTOS_SERVICIO_FK">
<createdBy>vvasquez</createdBy>
<createdTime>2024-09-17 01:35:10 UTC</createdTime>
<generatorID>B6DDE9AA-F639-18BA-5EDE-294E0456FE30</generatorID>
<ownerDesignName>Exp2_S6</ownerDesignName>
<referredTableLongName>SERVICIO</referredTableLongName>
<deleteRule>NO ACTION</deleteRule>
<referredTableID>54F9E9DB-7E11-DE0C-BDC3-7B858DB78B73</referredTableID>
<keyObject>DCC72EF4-8960-5D7B-A50B-95C036FB0954</keyObject>
<referredKeyID>DCC72EF4-8960-5D7B-A50B-95C036FB0954</referredKeyID>
<mandatory>true</mandatory>
<refColNames>idServicio</refColNames>
<transferable>true</transferable>
<rely>false</rely>
<columnDependencyConstraintGenerateInDDL>true</columnDependencyConstraintGenerateInDDL>
</FKIndexAssociation>