<?xml version = '1.0' encoding = 'UTF-8'?>
<FKIndexAssociation class="oracle.dbtools.crest.model.design.relational.FKIndexAssociation" directorySegmentName="seg_0" id="D13C2AAE-36E2-FD58-9746-AE31B1F41C46" containerWithKeyObject="465F3559-603D-FF84-A0BB-AEDA21BE2C23" localFKIndex="B0B75A97-7821-F758-434B-85D8A139A6C8" name="MOTOCICLETA_VEHICULO_FK">
<createdBy>vvasquez</createdBy>
<createdTime>2024-09-17 01:35:10 UTC</createdTime>
<generatorID>505EA46D-FC2B-568C-A5DE-1D95ECD25577</generatorID>
<ownerDesignName>Exp2_S6</ownerDesignName>
<referredTableLongName>VEHICULO</referredTableLongName>
<arc>78730447-22D8-D2C1-0ABA-78E6E51D1024</arc>
<deleteRule>NO ACTION</deleteRule>
<referredTableID>35A2FE94-E444-C30C-B3BD-14ACC0CFE692</referredTableID>
<keyObject>0591EC95-2A8F-0B60-8EA2-D7044B4C04B0</keyObject>
<referredKeyID>0591EC95-2A8F-0B60-8EA2-D7044B4C04B0</referredKeyID>
<mandatory>true</mandatory>
<refColNames>patente</refColNames>
<transferable>true</transferable>
<rely>false</rely>
<discriminatorValue>MOTOCICLETA</discriminatorValue>
<columnDependencyConstraintGenerateInDDL>true</columnDependencyConstraintGenerateInDDL>
</FKIndexAssociation>