<?xml version = '1.0' encoding = 'UTF-8'?>
<FKIndexAssociation class="oracle.dbtools.crest.model.design.relational.FKIndexAssociation" directorySegmentName="seg_0" id="DA4B6583-A6B2-CFE6-C3B6-D563FB6CB3B4" containerWithKeyObject="999A460A-0248-82E4-1833-42AE77A148BA" localFKIndex="F03C1E6B-A02D-C712-3CC0-F6D901342C88" name="AUTOMOVIL_VEHICULO_FK">
<createdBy>vvasquez</createdBy>
<createdTime>2024-09-17 01:35:10 UTC</createdTime>
<generatorID>86BE6E4A-20E5-F029-A2B4-038F30BBD873</generatorID>
<ownerDesignName>Exp2_S6</ownerDesignName>
<referredTableLongName>VEHICULO</referredTableLongName>
<arc>78730447-22D8-D2C1-0ABA-78E6E51D1024</arc>
<deleteRule>NO ACTION</deleteRule>
<referredTableID>35A2FE94-E444-C30C-B3BD-14ACC0CFE692</referredTableID>
<keyObject>0591EC95-2A8F-0B60-8EA2-D7044B4C04B0</keyObject>
<referredKeyID>0591EC95-2A8F-0B60-8EA2-D7044B4C04B0</referredKeyID>
<mandatory>true</mandatory>
<refColNames>patente</refColNames>
<transferable>true</transferable>
<rely>false</rely>
<discriminatorValue>AUTOMOVIL</discriminatorValue>
<columnDependencyConstraintGenerateInDDL>true</columnDependencyConstraintGenerateInDDL>
</FKIndexAssociation>