<?xml version = '1.0' encoding = 'UTF-8'?>
<FKIndexAssociation class="oracle.dbtools.crest.model.design.relational.FKIndexAssociation" directorySegmentName="seg_0" id="E616872F-38FA-C442-B84A-8B4C8DA380AF" containerWithKeyObject="756103D1-028D-543C-F3A6-1B34F1656DC0" localFKIndex="CB2E9239-A100-9730-7D76-C797F36ECC1D" name="ESTADO_SERVICIO_FK">
<createdBy>vvasquez</createdBy>
<createdTime>2024-09-17 01:35:10 UTC</createdTime>
<generatorID>1F98C5F7-9A25-33EB-18D6-17E9107CB1FE</generatorID>
<ownerDesignName>Exp2_S6</ownerDesignName>
<referredTableLongName>SERVICIO</referredTableLongName>
<deleteRule>NO ACTION</deleteRule>
<referredTableID>54F9E9DB-7E11-DE0C-BDC3-7B858DB78B73</referredTableID>
<keyObject>DCC72EF4-8960-5D7B-A50B-95C036FB0954</keyObject>
<referredKeyID>DCC72EF4-8960-5D7B-A50B-95C036FB0954</referredKeyID>
<mandatory>false</mandatory>
<refColNames>idServicio</refColNames>
<transferable>true</transferable>
<rely>false</rely>
<columnDependencyConstraintGenerateInDDL>true</columnDependencyConstraintGenerateInDDL>
</FKIndexAssociation>