<?xml version = '1.0' encoding = 'UTF-8'?>
<Diagram class="oracle.dbtools.crest.swingui.logical.DPVLogical" name="Logical" id="EA71D646-7CA7-B43C-1D13-C3504947FBBC">
<createdBy>vvasquez</createdBy>
<modifiedBy>vvasquez</modifiedBy>
<createdTime>2024-09-09 23:34:03 UTC</createdTime>
<autoRoute>false</autoRoute>
<boxInbox>true</boxInbox>
<showLegend>false</showLegend>
<showLabels>false</showLabels>
<showRelAttributes>false</showRelAttributes>
<gridEnabled>false</gridEnabled>
<showGrid>false</showGrid>
<diagramColor>-1</diagramColor>
<display>false</display>
<notation>1</notation>
<objectViews>
<OView class="oracle.dbtools.crest.swingui.logical.TVEntity" oid="0431E629-1986-F2F7-E3CC-8CA8676D38BE" otype="Entity" vid="50F85D80-216C-915E-4793-33E2479FF82E">
<hideElementsInCurrentOnly>false</hideElementsInCurrentOnly>
<bounds x="480" y="173" width="170" height="60"/>
</OView>
<OView class="oracle.dbtools.crest.swingui.logical.TVEntity" oid="3F211FFF-65B3-B96E-B1A5-CA44E2B9B7E3" otype="Entity" vid="3DB489EE-A4A5-C9C3-8E40-AF35E82A10F6">
<hideElementsInCurrentOnly>false</hideElementsInCurrentOnly>
<bounds x="40" y="402" width="170" height="110"/>
</OView>
<OView class="oracle.dbtools.crest.swingui.logical.TVEntity" oid="518A34EC-544A-2385-1048-E8C0A3C8FB35" otype="Entity" vid="DF18A716-690D-545A-0825-1789AB61868B">
<hideElementsInCurrentOnly>false</hideElementsInCurrentOnly>
<bounds x="48" y="32" width="170" height="110"/>
</OView>
<OView class="oracle.dbtools.crest.swingui.logical.TVEntity" oid="66BDF23D-4F3F-ED05-BA7E-822E8782AEF9" otype="Entity" vid="85376668-A740-EE08-8261-FD2DD7FCF6C4">
<hideElementsInCurrentOnly>false</hideElementsInCurrentOnly>
<bounds x="276" y="408" width="170" height="110"/>
</OView>
<OView class="oracle.dbtools.crest.swingui.logical.TVEntity" oid="7B1B4E36-2A4D-A362-0A6B-67428EE5AEC1" otype="Entity" vid="A44D102A-D989-02D9-BB11-891A7794CB95">
<hideElementsInCurrentOnly>false</hideElementsInCurrentOnly>
<bounds x="285" y="36" width="380" height="219"/>
</OView>
<OView class="oracle.dbtools.crest.swingui.logical.TVEntity" oid="8B117DCA-E825-EE98-FB3B-4891B906AE18" otype="Entity" vid="C910F70D-3245-3479-542B-5E417DD2D5A3">
<hideElementsInCurrentOnly>false</hideElementsInCurrentOnly>
<bounds x="44" y="246" width="170" height="110"/>
</OView>
<OView class="oracle.dbtools.crest.swingui.logical.TVEntity" oid="C09EE88D-9C02-66D8-1D06-CC0E1DAD98F2" otype="Entity" vid="94AE514A-CE17-B8FB-7132-A7BAC671E306">
<hideElementsInCurrentOnly>false</hideElementsInCurrentOnly>
<bounds x="35" y="546" width="170" height="110"/>
</OView>
<OView class="oracle.dbtools.crest.swingui.logical.TVEntity" oid="EFB82044-A394-D502-A940-27F3A493B942" otype="Entity" vid="64C524AA-2AA0-3635-11F2-49C1C30D3A94">
<hideElementsInCurrentOnly>false</hideElementsInCurrentOnly>
<bounds x="478" y="60" width="170" height="84"/>
</OView>
<OView class="oracle.dbtools.crest.swingui.logical.TVEntity" oid="F1DA2880-5CCD-938D-220F-B223CFDE43EF" otype="Entity" vid="300522EF-F6ED-F86A-3032-5EC4ACF86128">
<hideElementsInCurrentOnly>false</hideElementsInCurrentOnly>
<bounds x="292" y="148" width="170" height="87"/>
</OView>
</objectViews>
<connectors>
<Connector class="oracle.dbtools.crest.swingui.logical.TVRelation" oid="1B0F751A-04D3-9BDF-FD54-3532A773DE80" otype="Relation" vid_source="C910F70D-3245-3479-542B-5E417DD2D5A3" vid_target="3DB489EE-A4A5-C9C3-8E40-AF35E82A10F6">
<hideElementsInCurrentOnly>false</hideElementsInCurrentOnly>
<backgroundColor>-16777216</backgroundColor>
<lineWidth>1</lineWidth>
<points>
<point x="127" y="356"/>
<point x="127" y="402"/>
</points>
</Connector>
<Connector class="oracle.dbtools.crest.swingui.logical.TVRelation" oid="1F98C5F7-9A25-33EB-18D6-17E9107CB1FE" otype="Relation" vid_source="3DB489EE-A4A5-C9C3-8E40-AF35E82A10F6" vid_target="94AE514A-CE17-B8FB-7132-A7BAC671E306">
<hideElementsInCurrentOnly>false</hideElementsInCurrentOnly>
<backgroundColor>-16777216</backgroundColor>
<lineWidth>1</lineWidth>
<points>
<point x="122" y="512"/>
<point x="122" y="546"/>
</points>
</Connector>
<Connector class="oracle.dbtools.crest.swingui.logical.TVInheritanceRelation" oid="228F7B4F-7F34-9614-22B1-669810BB658D" otype="Hierarchy relation" vid_source="A44D102A-D989-02D9-BB11-891A7794CB95" vid_target="64C524AA-2AA0-3635-11F2-49C1C30D3A94">
<hideElementsInCurrentOnly>false</hideElementsInCurrentOnly>
<backgroundColor>-65536</backgroundColor>
<lineWidth>1</lineWidth>
</Connector>
<Connector class="oracle.dbtools.crest.swingui.logical.TVInheritanceRelation" oid="505EA46D-FC2B-568C-A5DE-1D95ECD25577" otype="Hierarchy relation" vid_source="A44D102A-D989-02D9-BB11-891A7794CB95" vid_target="50F85D80-216C-915E-4793-33E2479FF82E">
<hideElementsInCurrentOnly>false</hideElementsInCurrentOnly>
<backgroundColor>-65536</backgroundColor>
<lineWidth>1</lineWidth>
</Connector>
<Connector class="oracle.dbtools.crest.swingui.logical.TVRelation" oid="6AB5AD92-A739-6765-71AD-BAE72376632B" otype="Relation" vid_source="DF18A716-690D-545A-0825-1789AB61868B" vid_target="A44D102A-D989-02D9-BB11-891A7794CB95">
<hideElementsInCurrentOnly>false</hideElementsInCurrentOnly>
<backgroundColor>-16777216</backgroundColor>
<lineWidth>1</lineWidth>
<points>
<point x="218" y="89"/>
<point x="285" y="89"/>
</points>
</Connector>
<Connector class="oracle.dbtools.crest.swingui.logical.TVRelation" oid="7E0CF63D-8644-EF6A-9972-C5CE17263158" otype="Relation" vid_source="A44D102A-D989-02D9-BB11-891A7794CB95" vid_target="C910F70D-3245-3479-542B-5E417DD2D5A3">
<hideElementsInCurrentOnly>false</hideElementsInCurrentOnly>
<backgroundColor>-16777216</backgroundColor>
<lineWidth>1</lineWidth>
<points>
<point x="285" y="250"/>
<point x="214" y="250"/>
</points>
</Connector>
<Connector class="oracle.dbtools.crest.swingui.logical.TVInheritanceRelation" oid="86BE6E4A-20E5-F029-A2B4-038F30BBD873" otype="Hierarchy relation" vid_source="A44D102A-D989-02D9-BB11-891A7794CB95" vid_target="300522EF-F6ED-F86A-3032-5EC4ACF86128">
<hideElementsInCurrentOnly>false</hideElementsInCurrentOnly>
<backgroundColor>-65536</backgroundColor>
<lineWidth>1</lineWidth>
</Connector>
<Connector class="oracle.dbtools.crest.swingui.logical.TVRelation" oid="B6DDE9AA-F639-18BA-5EDE-294E0456FE30" otype="Relation" vid_source="3DB489EE-A4A5-C9C3-8E40-AF35E82A10F6" vid_target="85376668-A740-EE08-8261-FD2DD7FCF6C4">
<hideElementsInCurrentOnly>false</hideElementsInCurrentOnly>
<backgroundColor>-16777216</backgroundColor>
<lineWidth>1</lineWidth>
<points>
<point x="210" y="460"/>
<point x="276" y="460"/>
</points>
</Connector>
<Connector class="oracle.dbtools.crest.swingui.logical.TVRelation" oid="F39C4003-BE10-FCAA-243B-FB245137CCFF" otype="Relation" vid_source="DF18A716-690D-545A-0825-1789AB61868B" vid_target="C910F70D-3245-3479-542B-5E417DD2D5A3">
<hideElementsInCurrentOnly>false</hideElementsInCurrentOnly>
<backgroundColor>-16777216</backgroundColor>
<lineWidth>1</lineWidth>
<points>
<point x="131" y="142"/>
<point x="131" y="246"/>
</points>
</Connector>
</connectors>
</Diagram>