<?xml version = '1.0' encoding = 'UTF-8'?>
<FKArc class="oracle.dbtools.crest.model.design.relational.FKArc" directorySegmentName="seg_0" id="78730447-22D8-D2C1-0ABA-78E6E51D1024" name="arco_tipo_vehiculo">
<createdBy>vvasquez</createdBy>
<createdTime>2024-09-17 01:35:10 UTC</createdTime>
<ownerDesignName>Exp2_S6</ownerDesignName>
<mandatory>false</mandatory>
<reverseArc>true</reverseArc>
<table>35A2FE94-E444-C30C-B3BD-14ACC0CFE692</table>
<discriminatorColumn>C8538C19-0CB3-3D98-E4E7-2827AB069BD7</discriminatorColumn>
<fkeys>
<fkeyID>D13C2AAE-36E2-FD58-9746-AE31B1F41C46</fkeyID>
<fkeyID>DA4B6583-A6B2-CFE6-C3B6-D563FB6CB3B4</fkeyID>
<fkeyID>1B06E1FE-8DDD-DEF9-BA68-8FB3AF69F5F2</fkeyID>
</fkeys>
</FKArc>