<?xml version = '1.0' encoding = 'UTF-8'?>
<Relation class="oracle.dbtools.crest.model.design.logical.InheritanceRelation" name="Hierarchy_1" directorySegmentName="seg_0" id="505EA46D-FC2B-568C-A5DE-1D95ECD25577">
<createdBy>vvasquez</createdBy>
<createdTime>2024-09-17 01:17:01 UTC</createdTime>
<ownerDesignName>Exp2_S6</ownerDesignName>
<engineerTo>
<item key="063626BC-9490-884D-E09F-F4882C36803A" value="true"/>
</engineerTo>
<identifying>false</identifying>
<nameOnSource>Super Type</nameOnSource>
<nameOnTarget>Sub Type</nameOnTarget>
<optionalSource>true</optionalSource>
<optionalTarget>true</optionalTarget>
<sourceEntity>7B1B4E36-2A4D-A362-0A6B-67428EE5AEC1</sourceEntity>
<targetEntity>0431E629-1986-F2F7-E3CC-8CA8676D38BE</targetEntity>
<transferable>true</transferable>
<deleteRule>NO ACTION</deleteRule>
</Relation>