<?xml version = '1.0' encoding = 'UTF-8'?>
<Relation class="oracle.dbtools.crest.model.design.logical.InheritanceRelation" name="Hierarchy_2" directorySegmentName="seg_0" id="86BE6E4A-20E5-F029-A2B4-038F30BBD873">
<createdBy>vvasquez</createdBy>
<createdTime>2024-09-17 01:17:07 UTC</createdTime>
<ownerDesignName>Exp2_S6</ownerDesignName>
<engineerTo>
<item key="063626BC-9490-884D-E09F-F4882C36803A" value="true"/>
</engineerTo>
<identifying>false</identifying>
<nameOnSource>Super Type</nameOnSource>
<nameOnTarget>Sub Type</nameOnTarget>
<optionalSource>true</optionalSource>
<optionalTarget>true</optionalTarget>
<sourceEntity>7B1B4E36-2A4D-A362-0A6B-67428EE5AEC1</sourceEntity>
<targetEntity>F1DA2880-5CCD-938D-220F-B223CFDE43EF</targetEntity>
<transferable>true</transferable>
<deleteRule>NO ACTION</deleteRule>
</Relation>