<?xml version = '1.0' encoding = 'UTF-8'?>
<Table class="oracle.dbtools.crest.model.design.relational.Table" directorySegmentName="seg_0" id="54F9E9DB-7E11-DE0C-BDC3-7B858DB78B73" name="SERVICIO">
<createdBy>vvasquez</createdBy>
<createdTime>2024-09-17 01:35:10 UTC</createdTime>
<generatorID>3F211FFF-65B3-B96E-B1A5-CA44E2B9B7E3</generatorID>
<ownerDesignName>Exp2_S6</ownerDesignName>
<allowColumnReorder>false</allowColumnReorder>
<existDependencyGenerateInDDl>true</existDependencyGenerateInDDl>
<parsed>true</parsed>
<columns itemClass="oracle.dbtools.crest.model.design.relational.Column">
<Column name="idServicio" id="57B6BA70-F5FA-C4CA-3DDB-1652B70EF310">
<createdBy>vvasquez</createdBy>
<createdTime>2024-09-17 01:35:10 UTC</createdTime>
<generatorID>DC55C01F-B362-294E-8964-6B635333F423</generatorID>
<ownerDesignName>Exp2_S6</ownerDesignName>
<useDomainConstraints>false</useDomainConstraints>
<use>1</use>
<logicalDatatype>LOGDT027</logicalDatatype>
<ownDataTypeParameters>,,</ownDataTypeParameters>
<autoIncrementCycle>false</autoIncrementCycle>
</Column>
<Column name="descripcion" id="84EB4A07-5E4C-1742-B791-BE8D8087DFE9">
<createdBy>vvasquez</createdBy>
<createdTime>2024-09-17 01:35:10 UTC</createdTime>
<generatorID>149413AD-A4D7-E1AA-929A-D87CFD10DCC9</generatorID>
<ownerDesignName>Exp2_S6</ownerDesignName>
<useDomainConstraints>false</useDomainConstraints>
<use>1</use>
<logicalDatatype>LOGDT024</logicalDatatype>
<dataTypeSize>1000</dataTypeSize>
<ownDataTypeParameters>1000,,</ownDataTypeParameters>
<autoIncrementCycle>false</autoIncrementCycle>
</Column>
<Column name="costo_mano_obra" id="EAA7DC51-D5BC-4019-C292-525520604971">
<createdBy>vvasquez</createdBy>
<createdTime>2024-09-17 01:35:10 UTC</createdTime>
<generatorID>B8ED8890-BAE5-A3C2-ABA7-8EA0FD99AFB3</generatorID>
<ownerDesignName>Exp2_S6</ownerDesignName>
<useDomainConstraints>false</useDomainConstraints>
<use>1</use>
<logicalDatatype>LOGDT011</logicalDatatype>
<ownDataTypeParameters>,,</ownDataTypeParameters>
<autoIncrementCycle>false</autoIncrementCycle>
</Column>
<Column name="ESTADO_idEstado" id="0948A26D-CB17-6DD4-6AB0-634121E03FA6">
<createdBy>vvasquez</createdBy>
<createdTime>2024-09-17 01:35:10 UTC</createdTime>
<generatorID>8CF12689-B509-7E24-21B0-1387B2B21B2C</generatorID>
<ownerDesignName>Exp2_S6</ownerDesignName>
<nullsAllowed>true</nullsAllowed>
<useDomainConstraints>false</useDomainConstraints>
<use>1</use>
<logicalDatatype>LOGDT027</logicalDatatype>
<ownDataTypeParameters>,,</ownDataTypeParameters>
<previousColumn>false</previousColumn>
<autoIncrementCycle>false</autoIncrementCycle>
<associations>
<colAssociation fkAssociation="8DC911F4-D6A2-8605-2D7D-5B60485BE386" referredColumn="326575B7-8CC9-9DA8-0746-AC27B89B480F"/>
</associations>
</Column>
<Column name="OA_idOrden" id="15A9F7DE-6C6B-FDB7-EFEE-91C969D124CA">
<createdBy>vvasquez</createdBy>
<createdTime>2024-09-17 01:35:10 UTC</createdTime>
<generatorID>4B6E4835-A554-1731-7B5C-37C41D93E40A</generatorID>
<ownerDesignName>Exp2_S6</ownerDesignName>
<useDomainConstraints>false</useDomainConstraints>
<use>1</use>
<logicalDatatype>LOGDT027</logicalDatatype>
<ownDataTypeParameters>,,</ownDataTypeParameters>
<previousColumn>false</previousColumn>
<autoIncrementCycle>false</autoIncrementCycle>
<associations>
<colAssociation fkAssociation="9CBC693B-F266-BADD-7A27-D821541057B9" referredColumn="1EDC579D-699E-9B53-5BE1-1367EC3D36A9"/>
</associations>
</Column>
<Column name="OA_VEHICULO_patente" id="D2441AD0-FD5A-3361-FFFF-77323EBE126C">
<createdBy>vvasquez</createdBy>
<createdTime>2024-09-17 01:35:10 UTC</createdTime>
<generatorID>FC8F38C2-81C5-A897-D8F6-6FDBBC75DC8A</generatorID>
<ownerDesignName>Exp2_S6</ownerDesignName>
<useDomainConstraints>false</useDomainConstraints>
<use>1</use>
<logicalDatatype>LOGDT024</logicalDatatype>
<dataTypeSize>6 CHAR</dataTypeSize>
<ownDataTypeParameters>,,</ownDataTypeParameters>
<previousColumn>false</previousColumn>
<autoIncrementCycle>false</autoIncrementCycle>
<associations>
<colAssociation fkAssociation="9CBC693B-F266-BADD-7A27-D821541057B9" referredColumn="45623E98-C728-1D9D-1F34-FC2245B5DEC0"/>
</associations>
</Column>
</columns>
<indexes itemClass="oracle.dbtools.crest.model.design.relational.Index">
<ind_PK_UK id="DCC72EF4-8960-5D7B-A50B-95C036FB0954" name="SERVICIO_PK">
<createdBy>vvasquez</createdBy>
<createdTime>2024-09-17 01:35:10 UTC</createdTime>
<generatorID>63956D51-AD7A-E12C-F444-067C7529757E</generatorID>
<ownerDesignName>Exp2_S6</ownerDesignName>
<pk>true</pk>
<indexState>Primary Constraint</indexState>
<isSurrogateKey>false</isSurrogateKey>
<indexColumnUsage>
<colUsage columnID="57B6BA70-F5FA-C4CA-3DDB-1652B70EF310"/>
</indexColumnUsage>
</ind_PK_UK>
<ind_PK_UK id="5482AE3E-ADFA-8F32-040B-F11E12F3CBA0" name="SERVICIO__IDX">
<createdBy>vvasquez</createdBy>
<createdTime>2024-09-17 01:35:10 UTC</createdTime>
<ownerDesignName>Exp2_S6</ownerDesignName>
<indexState>Unique Plain Index</indexState>
<isSurrogateKey>false</isSurrogateKey>
<relationGeneratorID>1F98C5F7-9A25-33EB-18D6-17E9107CB1FE</relationGeneratorID>
<indexColumnUsage>
<colUsage columnID="0948A26D-CB17-6DD4-6AB0-634121E03FA6"/>
</indexColumnUsage>
</ind_PK_UK>
<ind_PK_UK id="4875DBF4-834B-49E6-0213-44CC185A0468" name="SERVICIO_ESTADO_FK">
<createdBy>vvasquez</createdBy>
<createdTime>2024-09-17 01:35:10 UTC</createdTime>
<generatorID>1F98C5F7-9A25-33EB-18D6-17E9107CB1FE</generatorID>
<ownerDesignName>Exp2_S6</ownerDesignName>
<indexState>Foreign Key</indexState>
<isSurrogateKey>false</isSurrogateKey>
<indexColumnUsage>
<colUsage columnID="0948A26D-CB17-6DD4-6AB0-634121E03FA6"/>
</indexColumnUsage>
</ind_PK_UK>
<ind_PK_UK id="3D309073-EAE9-D9F8-E072-58DE22CB7248" name="SERVICIO_ORDEN_ATENCION_FK">
<createdBy>vvasquez</createdBy>
<createdTime>2024-09-17 01:35:10 UTC</createdTime>
<generatorID>1B0F751A-04D3-9BDF-FD54-3532A773DE80</generatorID>
<ownerDesignName>Exp2_S6</ownerDesignName>
<indexState>Foreign Key</indexState>
<isSurrogateKey>false</isSurrogateKey>
<indexColumnUsage>
<colUsage columnID="15A9F7DE-6C6B-FDB7-EFEE-91C969D124CA"/>
<colUsage columnID="D2441AD0-FD5A-3361-FFFF-77323EBE126C"/>
</indexColumnUsage>
</ind_PK_UK>
</indexes>
</Table>