<?xml version = '1.0' encoding = 'UTF-8'?>
<Table class="oracle.dbtools.crest.model.design.relational.Table" directorySegmentName="seg_0" id="756103D1-028D-543C-F3A6-1B34F1656DC0" name="ESTADO">
<createdBy>vvasquez</createdBy>
<createdTime>2024-09-17 01:35:10 UTC</createdTime>
<generatorID>C09EE88D-9C02-66D8-1D06-CC0E1DAD98F2</generatorID>
<ownerDesignName>Exp2_S6</ownerDesignName>
<allowColumnReorder>false</allowColumnReorder>
<existDependencyGenerateInDDl>true</existDependencyGenerateInDDl>
<parsed>true</parsed>
<columns itemClass="oracle.dbtools.crest.model.design.relational.Column">
<Column name="idEstado" id="326575B7-8CC9-9DA8-0746-AC27B89B480F">
<createdBy>vvasquez</createdBy>
<createdTime>2024-09-17 01:35:10 UTC</createdTime>
<generatorID>B3B9F0B8-5C8D-87C8-5B33-79DFDAB6E61F</generatorID>
<ownerDesignName>Exp2_S6</ownerDesignName>
<useDomainConstraints>false</useDomainConstraints>
<use>1</use>
<logicalDatatype>LOGDT027</logicalDatatype>
<ownDataTypeParameters>,,</ownDataTypeParameters>
<autoIncrementCycle>false</autoIncrementCycle>
</Column>
<Column name="descripcion" id="2343EB1D-AFE6-A3AF-8166-DD2301083DA6">
<createdBy>vvasquez</createdBy>
<createdTime>2024-09-17 01:35:10 UTC</createdTime>
<generatorID>F086AD82-7D6E-4AC8-DC30-8DE5F271259B</generatorID>
<ownerDesignName>Exp2_S6</ownerDesignName>
<useDomainConstraints>false</useDomainConstraints>
<use>1</use>
<logicalDatatype>LOGDT024</logicalDatatype>
<dataTypeSize>100 CHAR</dataTypeSize>
<ownDataTypeParameters>100 CHAR,,</ownDataTypeParameters>
<autoIncrementCycle>false</autoIncrementCycle>
</Column>
<Column name="SERVICIO_idServicio" id="DFFD191F-3BD2-65D2-F485-14C3D73A4F59">
<createdBy>vvasquez</createdBy>
<createdTime>2024-09-17 01:35:10 UTC</createdTime>
<generatorID>229B01E8-6486-E590-AF3D-0CB5FC5F0457</generatorID>
<ownerDesignName>Exp2_S6</ownerDesignName>
<nullsAllowed>true</nullsAllowed>
<useDomainConstraints>false</useDomainConstraints>
<use>1</use>
<logicalDatatype>LOGDT027</logicalDatatype>
<ownDataTypeParameters>,,</ownDataTypeParameters>
<previousColumn>false</previousColumn>
<autoIncrementCycle>false</autoIncrementCycle>
<associations>
<colAssociation fkAssociation="E616872F-38FA-C442-B84A-8B4C8DA380AF" referredColumn="57B6BA70-F5FA-C4CA-3DDB-1652B70EF310"/>
</associations>
</Column>
</columns>
<indexes itemClass="oracle.dbtools.crest.model.design.relational.Index">
<ind_PK_UK id="EEE93C3C-E0DD-5A0D-0BB5-98A26DAFF804" name="ESTADO_PK">
<createdBy>vvasquez</createdBy>
<createdTime>2024-09-17 01:35:10 UTC</createdTime>
<generatorID>8FB88E9F-6E93-61BD-A393-C6315D271F5A</generatorID>
<ownerDesignName>Exp2_S6</ownerDesignName>
<pk>true</pk>
<indexState>Primary Constraint</indexState>
<isSurrogateKey>false</isSurrogateKey>
<indexColumnUsage>
<colUsage columnID="326575B7-8CC9-9DA8-0746-AC27B89B480F"/>
</indexColumnUsage>
</ind_PK_UK>
<ind_PK_UK id="C457355A-1C67-9270-8E38-76CC6B4E37EF" name="ESTADO__IDX">
<createdBy>vvasquez</createdBy>
<createdTime>2024-09-17 01:35:10 UTC</createdTime>
<ownerDesignName>Exp2_S6</ownerDesignName>
<indexState>Unique Plain Index</indexState>
<isSurrogateKey>false</isSurrogateKey>
<relationGeneratorID>1F98C5F7-9A25-33EB-18D6-17E9107CB1FE</relationGeneratorID>
<indexColumnUsage>
<colUsage columnID="DFFD191F-3BD2-65D2-F485-14C3D73A4F59"/>
</indexColumnUsage>
</ind_PK_UK>
<ind_PK_UK id="CB2E9239-A100-9730-7D76-C797F36ECC1D" name="ESTADO_SERVICIO_FK">
<createdBy>vvasquez</createdBy>
<createdTime>2024-09-17 01:35:10 UTC</createdTime>
<generatorID>1F98C5F7-9A25-33EB-18D6-17E9107CB1FE</generatorID>
<ownerDesignName>Exp2_S6</ownerDesignName>
<indexState>Foreign Key</indexState>
<isSurrogateKey>false</isSurrogateKey>
<indexColumnUsage>
<colUsage columnID="DFFD191F-3BD2-65D2-F485-14C3D73A4F59"/>
</indexColumnUsage>
</ind_PK_UK>
</indexes>
</Table>