<?xml version = '1.0' encoding = 'UTF-8'?>
<Table class="oracle.dbtools.crest.model.design.relational.Table" directorySegmentName="seg_0" id="8045E9B3-840F-AC92-3E29-B522253683EC" name="ORDEN_ATENCION">
<createdBy>vvasquez</createdBy>
<createdTime>2024-09-17 01:35:10 UTC</createdTime>
<generatorID>8B117DCA-E825-EE98-FB3B-4891B906AE18</generatorID>
<ownerDesignName>Exp2_S6</ownerDesignName>
<allowColumnReorder>false</allowColumnReorder>
<existDependencyGenerateInDDl>true</existDependencyGenerateInDDl>
<parsed>true</parsed>
<columns itemClass="oracle.dbtools.crest.model.design.relational.Column">
<Column name="idOrden" id="1EDC579D-699E-9B53-5BE1-1367EC3D36A9">
<createdBy>vvasquez</createdBy>
<createdTime>2024-09-17 01:35:10 UTC</createdTime>
<generatorID>FECF260B-D1A9-4009-03BD-8176527283EC</generatorID>
<ownerDesignName>Exp2_S6</ownerDesignName>
<useDomainConstraints>false</useDomainConstraints>
<use>1</use>
<logicalDatatype>LOGDT027</logicalDatatype>
<ownDataTypeParameters>,,</ownDataTypeParameters>
<autoIncrementCycle>false</autoIncrementCycle>
</Column>
<Column name="fecha_ingreso" id="420534C5-9ADA-E872-DDE1-7B420FB4AD01">
<createdBy>vvasquez</createdBy>
<createdTime>2024-09-17 01:35:10 UTC</createdTime>
<generatorID>C44E520C-A0B3-C329-D5A5-61716AC8B015</generatorID>
<ownerDesignName>Exp2_S6</ownerDesignName>
<useDomainConstraints>false</useDomainConstraints>
<use>1</use>
<logicalDatatype>LOGDT008</logicalDatatype>
<ownDataTypeParameters>,,</ownDataTypeParameters>
<autoIncrementCycle>false</autoIncrementCycle>
</Column>
<Column name="CLIENTE_rut" id="919BA8CA-DE77-0A99-0811-387910D9A0AE">
<createdBy>vvasquez</createdBy>
<createdTime>2024-09-17 01:35:10 UTC</createdTime>
<generatorID>F0F13D37-887F-7DC7-F067-234963CC407C</generatorID>
<ownerDesignName>Exp2_S6</ownerDesignName>
<useDomainConstraints>false</useDomainConstraints>
<use>1</use>
<logicalDatatype>LOGDT024</logicalDatatype>
<dataTypeSize>9 CHAR</dataTypeSize>
<ownDataTypeParameters>,,</ownDataTypeParameters>
<previousColumn>false</previousColumn>
<autoIncrementCycle>false</autoIncrementCycle>
<associations>
<colAssociation fkAssociation="6CDF1174-D760-E39E-BA40-B789F17B071F" referredColumn="FA3CE0FB-55D6-F90E-C813-286CB70CA181"/>
</associations>
</Column>
<Column name="VEHICULO_patente" id="45623E98-C728-1D9D-1F34-FC2245B5DEC0">
<createdBy>vvasquez</createdBy>
<createdTime>2024-09-17 01:35:10 UTC</createdTime>
<generatorID>D4C9F070-5D4F-B110-0151-492063F6EB3B</generatorID>
<ownerDesignName>Exp2_S6</ownerDesignName>
<useDomainConstraints>false</useDomainConstraints>
<use>1</use>
<logicalDatatype>LOGDT024</logicalDatatype>
<dataTypeSize>6 CHAR</dataTypeSize>
<ownDataTypeParameters>,,</ownDataTypeParameters>
<previousColumn>false</previousColumn>
<autoIncrementCycle>false</autoIncrementCycle>
<associations>
<colAssociation fkAssociation="4A7E3E57-AFA2-16C5-2817-6026B84B99E3" referredColumn="00117F55-20C8-17BD-B2AF-5AF207295E32"/>
</associations>
</Column>
</columns>
<indexes itemClass="oracle.dbtools.crest.model.design.relational.Index">
<ind_PK_UK id="273283B2-9A4D-A5CF-0ECA-AB4198999694" name="ORDEN_ATENCION_PK">
<createdBy>vvasquez</createdBy>
<createdTime>2024-09-17 01:35:10 UTC</createdTime>
<generatorID>1FEA874C-07EB-34F8-B6B9-30EA6890E8AF</generatorID>
<ownerDesignName>Exp2_S6</ownerDesignName>
<pk>true</pk>
<indexState>Primary Constraint</indexState>
<isSurrogateKey>false</isSurrogateKey>
<indexColumnUsage>
<colUsage columnID="1EDC579D-699E-9B53-5BE1-1367EC3D36A9"/>
<colUsage columnID="45623E98-C728-1D9D-1F34-FC2245B5DEC0"/>
</indexColumnUsage>
</ind_PK_UK>
<ind_PK_UK id="EF8EDC5F-2501-3AE0-7C49-111BFE26E82A" name="ORDEN_ATENCION_CLIENTE_FK">
<createdBy>vvasquez</createdBy>
<createdTime>2024-09-17 01:35:10 UTC</createdTime>
<generatorID>F39C4003-BE10-FCAA-243B-FB245137CCFF</generatorID>
<ownerDesignName>Exp2_S6</ownerDesignName>
<indexState>Foreign Key</indexState>
<isSurrogateKey>false</isSurrogateKey>
<indexColumnUsage>
<colUsage columnID="919BA8CA-DE77-0A99-0811-387910D9A0AE"/>
</indexColumnUsage>
</ind_PK_UK>
<ind_PK_UK id="54203407-72DF-FA70-CEEB-074283385062" name="ORDEN_ATENCION_VEHICULO_FK">
<createdBy>vvasquez</createdBy>
<createdTime>2024-09-17 01:35:10 UTC</createdTime>
<generatorID>7E0CF63D-8644-EF6A-9972-C5CE17263158</generatorID>
<ownerDesignName>Exp2_S6</ownerDesignName>
<indexState>Foreign Key</indexState>
<isSurrogateKey>false</isSurrogateKey>
<indexColumnUsage>
<colUsage columnID="45623E98-C728-1D9D-1F34-FC2245B5DEC0"/>
</indexColumnUsage>
</ind_PK_UK>
</indexes>
</Table>