<?xml version = '1.0' encoding = 'UTF-8'?>
<Table class="oracle.dbtools.crest.model.design.relational.Table" directorySegmentName="seg_0" id="843F92BD-14EF-7196-B57C-02B2A4FEF835" name="CAMION">
<createdBy>vvasquez</createdBy>
<createdTime>2024-09-17 01:35:10 UTC</createdTime>
<generatorID>EFB82044-A394-D502-A940-27F3A493B942</generatorID>
<ownerDesignName>Exp2_S6</ownerDesignName>
<allowColumnReorder>false</allowColumnReorder>
<existDependencyGenerateInDDl>true</existDependencyGenerateInDDl>
<parsed>true</parsed>
<columns itemClass="oracle.dbtools.crest.model.design.relational.Column">
<Column name="patente" id="6EEE1629-F485-BB8A-B51D-B81595021AF8">
<createdBy>vvasquez</createdBy>
<createdTime>2024-09-17 01:35:10 UTC</createdTime>
<generatorID>B02E7329-7C94-AF6F-EB7F-E7EF08ED27C0</generatorID>
<ownerDesignName>Exp2_S6</ownerDesignName>
<useDomainConstraints>false</useDomainConstraints>
<use>1</use>
<logicalDatatype>LOGDT024</logicalDatatype>
<dataTypeSize>6 CHAR</dataTypeSize>
<ownDataTypeParameters>,,</ownDataTypeParameters>
<autoIncrementCycle>false</autoIncrementCycle>
<associations>
<colAssociation fkAssociation="1B06E1FE-8DDD-DEF9-BA68-8FB3AF69F5F2" referredColumn="00117F55-20C8-17BD-B2AF-5AF207295E32"/>
</associations>
</Column>
<Column name="numero_ejes" id="AFEFD899-7CED-E3A3-C927-2EDDA58D50C6">
<createdBy>vvasquez</createdBy>
<createdTime>2024-09-17 01:35:10 UTC</createdTime>
<generatorID>AF5C38E5-FE87-9165-9145-A94A907A69B9</generatorID>
<ownerDesignName>Exp2_S6</ownerDesignName>
<useDomainConstraints>false</useDomainConstraints>
<use>1</use>
<logicalDatatype>LOGDT011</logicalDatatype>
<ownDataTypeParameters>,,</ownDataTypeParameters>
<autoIncrementCycle>false</autoIncrementCycle>
</Column>
<Column name="carga_maxima" id="98B42C61-A93A-0B6C-39AE-2E392CF58784">
<createdBy>vvasquez</createdBy>
<createdTime>2024-09-17 01:35:10 UTC</createdTime>
<generatorID>1BA269B9-B1EC-1ADA-3FED-A10A1AE93B3F</generatorID>
<ownerDesignName>Exp2_S6</ownerDesignName>
<useDomainConstraints>false</useDomainConstraints>
<use>1</use>
<logicalDatatype>LOGDT011</logicalDatatype>
<ownDataTypeParameters>,,</ownDataTypeParameters>
<autoIncrementCycle>false</autoIncrementCycle>
</Column>
<Column name="tiene_remolque" id="874DA944-A6B7-EA7C-A310-56B79B8EF79D">
<createdBy>vvasquez</createdBy>
<createdTime>2024-09-17 01:35:10 UTC</createdTime>
<generatorID>4EFF7A39-AEE0-790A-6FDA-5F3541D2C5FF</generatorID>
<ownerDesignName>Exp2_S6</ownerDesignName>
<nullsAllowed>true</nullsAllowed>
<useDomainConstraints>false</useDomainConstraints>
<use>1</use>
<logicalDatatype>LOGDT006</logicalDatatype>
<ownDataTypeParameters>,,</ownDataTypeParameters>
<autoIncrementCycle>false</autoIncrementCycle>
</Column>
</columns>
<indexes itemClass="oracle.dbtools.crest.model.design.relational.Index">
<ind_PK_UK id="3EA02A0A-5F3E-28BD-C6C9-069CF0B07B3F" name="CAMION_PK">
<createdBy>vvasquez</createdBy>
<createdTime>2024-09-17 01:35:10 UTC</createdTime>
<generatorID>D5376EDC-0CB3-21C3-E1C2-5838B9DDD795</generatorID>
<ownerDesignName>Exp2_S6</ownerDesignName>
<pk>true</pk>
<indexState>Primary Constraint</indexState>
<isSurrogateKey>false</isSurrogateKey>
<indexColumnUsage>
<colUsage columnID="6EEE1629-F485-BB8A-B51D-B81595021AF8"/>
</indexColumnUsage>
</ind_PK_UK>
<ind_PK_UK id="EE00B5DE-3871-DC5D-BD7A-09648E9DE568" name="CAMION_VEHICULO_FK">
<createdBy>vvasquez</createdBy>
<createdTime>2024-09-17 01:35:10 UTC</createdTime>
<generatorID>228F7B4F-7F34-9614-22B1-669810BB658D</generatorID>
<ownerDesignName>Exp2_S6</ownerDesignName>
<indexState>Foreign Key</indexState>
<isSurrogateKey>false</isSurrogateKey>
<indexColumnUsage>
<colUsage columnID="6EEE1629-F485-BB8A-B51D-B81595021AF8"/>
</indexColumnUsage>
</ind_PK_UK>
</indexes>
</Table>