<?xml version = '1.0' encoding = 'UTF-8'?>
<Table class="oracle.dbtools.crest.model.design.relational.Table" directorySegmentName="seg_0" id="999A460A-0248-82E4-1833-42AE77A148BA" name="AUTOMOVIL">
<createdBy>vvasquez</createdBy>
<createdTime>2024-09-17 01:35:10 UTC</createdTime>
<generatorID>F1DA2880-5CCD-938D-220F-B223CFDE43EF</generatorID>
<ownerDesignName>Exp2_S6</ownerDesignName>
<allowColumnReorder>false</allowColumnReorder>
<existDependencyGenerateInDDl>true</existDependencyGenerateInDDl>
<parsed>true</parsed>
<columns itemClass="oracle.dbtools.crest.model.design.relational.Column">
<Column name="patente" id="D39A6141-97AA-8CCC-B43D-FFBE27A88A5E">
<createdBy>vvasquez</createdBy>
<createdTime>2024-09-17 01:35:10 UTC</createdTime>
<generatorID>B02E7329-7C94-AF6F-EB7F-E7EF08ED27C0</generatorID>
<ownerDesignName>Exp2_S6</ownerDesignName>
<useDomainConstraints>false</useDomainConstraints>
<use>1</use>
<logicalDatatype>LOGDT024</logicalDatatype>
<dataTypeSize>6 CHAR</dataTypeSize>
<ownDataTypeParameters>,,</ownDataTypeParameters>
<autoIncrementCycle>false</autoIncrementCycle>
<associations>
<colAssociation fkAssociation="DA4B6583-A6B2-CFE6-C3B6-D563FB6CB3B4" referredColumn="00117F55-20C8-17BD-B2AF-5AF207295E32"/>
</associations>
</Column>
<Column name="numero_puertas" id="C97B1380-6A07-86E6-37F7-E4ED4C3A1905">
<createdBy>vvasquez</createdBy>
<createdTime>2024-09-17 01:35:10 UTC</createdTime>
<generatorID>9AE6DE68-D34C-5C73-AD31-7438BEA13429</generatorID>
<ownerDesignName>Exp2_S6</ownerDesignName>
<useDomainConstraints>false</useDomainConstraints>
<use>1</use>
<logicalDatatype>LOGDT011</logicalDatatype>
<ownDataTypeParameters>,,</ownDataTypeParameters>
<autoIncrementCycle>false</autoIncrementCycle>
</Column>
<Column name="es_4x4" id="582C9DE4-3C5C-7A48-1AC1-B59D87B29E2A">
<createdBy>vvasquez</createdBy>
<createdTime>2024-09-17 01:35:10 UTC</createdTime>
<generatorID>5CC3BAE5-62E5-DA7B-0B81-9C03C72D185D</generatorID>
<ownerDesignName>Exp2_S6</ownerDesignName>
<useDomainConstraints>false</useDomainConstraints>
<use>1</use>
<logicalDatatype>LOGDT006</logicalDatatype>
<dataTypeSize>1</dataTypeSize>
<ownDataTypeParameters>1,,</ownDataTypeParameters>
<autoIncrementCycle>false</autoIncrementCycle>
</Column>
<Column name="es_automatico" id="67F94E73-9F85-FA31-7C11-44E992CDB4F2">
<createdBy>vvasquez</createdBy>
<createdTime>2024-09-17 01:35:10 UTC</createdTime>
<generatorID>3B6EF12A-399E-FD17-1C5D-5E5214272721</generatorID>
<ownerDesignName>Exp2_S6</ownerDesignName>
<nullsAllowed>true</nullsAllowed>
<useDomainConstraints>false</useDomainConstraints>
<use>1</use>
<logicalDatatype>LOGDT006</logicalDatatype>
<dataTypeSize>1</dataTypeSize>
<ownDataTypeParameters>1,,</ownDataTypeParameters>
<autoIncrementCycle>false</autoIncrementCycle>
</Column>
<Column name="tipo_combustible" id="42971616-B6C7-8B47-4D1D-BA4F3EBAE813">
<createdBy>vvasquez</createdBy>
<createdTime>2024-09-17 01:35:10 UTC</createdTime>
<generatorID>F83C84E9-E373-23D9-841F-0D23FB0BADEA</generatorID>
<ownerDesignName>Exp2_S6</ownerDesignName>
<nullsAllowed>true</nullsAllowed>
<useDomainConstraints>false</useDomainConstraints>
<use>1</use>
<logicalDatatype>LOGDT024</logicalDatatype>
<dataTypeSize>30 CHAR</dataTypeSize>
<ownDataTypeParameters>30 CHAR,,</ownDataTypeParameters>
<autoIncrementCycle>false</autoIncrementCycle>
</Column>
</columns>
<indexes itemClass="oracle.dbtools.crest.model.design.relational.Index">
<ind_PK_UK id="56B56DBD-19E3-844B-C0A9-259F23D16F9B" name="AUTOMOVIL_PK">
<createdBy>vvasquez</createdBy>
<createdTime>2024-09-17 01:35:10 UTC</createdTime>
<generatorID>D5376EDC-0CB3-21C3-E1C2-5838B9DDD795</generatorID>
<ownerDesignName>Exp2_S6</ownerDesignName>
<pk>true</pk>
<indexState>Primary Constraint</indexState>
<isSurrogateKey>false</isSurrogateKey>
<indexColumnUsage>
<colUsage columnID="D39A6141-97AA-8CCC-B43D-FFBE27A88A5E"/>
</indexColumnUsage>
</ind_PK_UK>
<ind_PK_UK id="F03C1E6B-A02D-C712-3CC0-F6D901342C88" name="AUTOMOVIL_VEHICULO_FK">
<createdBy>vvasquez</createdBy>
<createdTime>2024-09-17 01:35:10 UTC</createdTime>
<generatorID>86BE6E4A-20E5-F029-A2B4-038F30BBD873</generatorID>
<ownerDesignName>Exp2_S6</ownerDesignName>
<indexState>Foreign Key</indexState>
<isSurrogateKey>false</isSurrogateKey>
<indexColumnUsage>
<colUsage columnID="D39A6141-97AA-8CCC-B43D-FFBE27A88A5E"/>
</indexColumnUsage>
</ind_PK_UK>
</indexes>
</Table>