<?xml version = '1.0' encoding = 'UTF-8'?>
<Diagram class="oracle.dbtools.crest.swingui.relational.DPVRelational" name="Relational_1" id="F1A41452-2D1C-C286-40A2-FF3C7F892AB4">
<createdBy>vvasquez</createdBy>
<modifiedBy>vvasquez</modifiedBy>
<createdTime>2024-09-17 01:35:06 UTC</createdTime>
<autoRoute>false</autoRoute>
<boxInbox>true</boxInbox>
<showLegend>false</showLegend>
<showLabels>false</showLabels>
<showRelAttributes>false</showRelAttributes>
<gridEnabled>false</gridEnabled>
<showGrid>false</showGrid>
<diagramColor>-1</diagramColor>
<display>false</display>
<notation>1</notation>
<objectViews>
<OView class="oracle.dbtools.crest.swingui.relational.TVTable" oid="35A2FE94-E444-C30C-B3BD-14ACC0CFE692" otype="Table" vid="573357FA-D725-71F9-3883-A811EBDEA2E0">
<hideElementsInCurrentOnly>false</hideElementsInCurrentOnly>
<bounds x="354" y="36" width="242" height="170"/>
</OView>
<OView class="oracle.dbtools.crest.swingui.relational.TVTable" oid="36372540-E292-0B45-708B-55731484BB4E" otype="Table" vid="1428A29D-4175-D601-EB27-F74787A80379">
<hideElementsInCurrentOnly>false</hideElementsInCurrentOnly>
<bounds x="535" y="423" width="272" height="147"/>
</OView>
<OView class="oracle.dbtools.crest.swingui.relational.TVTable" oid="465F3559-603D-FF84-A0BB-AEDA21BE2C23" otype="Table" vid="9F10B64D-B215-5424-42DA-26433CAAA49F">
<hideElementsInCurrentOnly>false</hideElementsInCurrentOnly>
<bounds x="721" y="184" width="226" height="114"/>
</OView>
<OView class="oracle.dbtools.crest.swingui.relational.TVTable" oid="46AB8C24-7D00-86FA-0B9E-9F0A1B3FDCCD" otype="Table" vid="DC534D64-633D-6CA9-4D58-902C09D34D11">
<hideElementsInCurrentOnly>false</hideElementsInCurrentOnly>
<bounds x="48" y="32" width="219" height="133"/>
</OView>
<OView class="oracle.dbtools.crest.swingui.relational.TVTable" oid="54F9E9DB-7E11-DE0C-BDC3-7B858DB78B73" otype="Table" vid="9403F8FF-275D-6EFB-206A-896276453813">
<hideElementsInCurrentOnly>false</hideElementsInCurrentOnly>
<bounds x="40" y="423" width="368" height="187"/>
</OView>
<OView class="oracle.dbtools.crest.swingui.relational.TVTable" oid="756103D1-028D-543C-F3A6-1B34F1656DC0" otype="Table" vid="9E076B1D-3FA9-52E3-E6D6-A16D7E08BD2F">
<hideElementsInCurrentOnly>false</hideElementsInCurrentOnly>
<bounds x="40" y="660" width="271" height="138"/>
</OView>
<OView class="oracle.dbtools.crest.swingui.relational.TVTable" oid="8045E9B3-840F-AC92-3E29-B522253683EC" otype="Table" vid="2BFBA32F-0E61-7F4A-B889-D14B493CB91D">
<hideElementsInCurrentOnly>false</hideElementsInCurrentOnly>
<bounds x="44" y="223" width="288" height="138"/>
</OView>
<OView class="oracle.dbtools.crest.swingui.relational.TVTable" oid="843F92BD-14EF-7196-B57C-02B2A4FEF835" otype="Table" vid="8A06A706-A2E8-C904-F1CE-BC8CE10B64F0">
<hideElementsInCurrentOnly>false</hideElementsInCurrentOnly>
<bounds x="721" y="36" width="226" height="128"/>
</OView>
<OView class="oracle.dbtools.crest.swingui.relational.TVTable" oid="999A460A-0248-82E4-1833-42AE77A148BA" otype="Table" vid="B11ADEB9-9136-AE07-7371-EB88D2F5EF76">
<hideElementsInCurrentOnly>false</hideElementsInCurrentOnly>
<bounds x="473" y="256" width="243" height="134"/>
</OView>
</objectViews>
<connectors>
<Connector class="oracle.dbtools.crest.swingui.relational.TVFKRelation" oid="1B06E1FE-8DDD-DEF9-BA68-8FB3AF69F5F2" otype="FKIndexAssociation" vid_source="573357FA-D725-71F9-3883-A811EBDEA2E0" vid_target="8A06A706-A2E8-C904-F1CE-BC8CE10B64F0">
<hideElementsInCurrentOnly>false</hideElementsInCurrentOnly>
<backgroundColor>-16777216</backgroundColor>
<lineWidth>1</lineWidth>
<points>
<point x="596" y="100"/>
<point x="721" y="100"/>
</points>
</Connector>
<Connector class="oracle.dbtools.crest.swingui.relational.TVFKRelation" oid="4A7E3E57-AFA2-16C5-2817-6026B84B99E3" otype="FKIndexAssociation" vid_source="573357FA-D725-71F9-3883-A811EBDEA2E0" vid_target="2BFBA32F-0E61-7F4A-B889-D14B493CB91D">
<hideElementsInCurrentOnly>false</hideElementsInCurrentOnly>
<backgroundColor>-16777216</backgroundColor>
<lineWidth>1</lineWidth>
<points>
<point x="354" y="193"/>
<point x="303" y="223"/>
</points>
</Connector>
<Connector class="oracle.dbtools.crest.swingui.relational.TVFKRelation" oid="6CDF1174-D760-E39E-BA40-B789F17B071F" otype="FKIndexAssociation" vid_source="DC534D64-633D-6CA9-4D58-902C09D34D11" vid_target="2BFBA32F-0E61-7F4A-B889-D14B493CB91D">
<hideElementsInCurrentOnly>false</hideElementsInCurrentOnly>
<backgroundColor>-16777216</backgroundColor>
<lineWidth>1</lineWidth>
<points>
<point x="157" y="165"/>
<point x="157" y="223"/>
</points>
</Connector>
<Connector class="oracle.dbtools.crest.swingui.relational.TVFKRelation" oid="8DC911F4-D6A2-8605-2D7D-5B60485BE386" otype="FKIndexAssociation" vid_source="9E076B1D-3FA9-52E3-E6D6-A16D7E08BD2F" vid_target="9403F8FF-275D-6EFB-206A-896276453813">
<hideElementsInCurrentOnly>false</hideElementsInCurrentOnly>
<backgroundColor>-16777216</backgroundColor>
<lineWidth>1</lineWidth>
<points>
<point x="190" y="660"/>
<point x="190" y="610"/>
</points>
</Connector>
<Connector class="oracle.dbtools.crest.swingui.relational.TVFKRelation" oid="9CBC693B-F266-BADD-7A27-D821541057B9" otype="FKIndexAssociation" vid_source="2BFBA32F-0E61-7F4A-B889-D14B493CB91D" vid_target="9403F8FF-275D-6EFB-206A-896276453813">
<hideElementsInCurrentOnly>false</hideElementsInCurrentOnly>
<backgroundColor>-16777216</backgroundColor>
<lineWidth>1</lineWidth>
<points>
<point x="188" y="361"/>
<point x="188" y="423"/>
</points>
</Connector>
<Connector class="oracle.dbtools.crest.swingui.relational.TVFKRelation" oid="A54C56F8-32AA-E0C3-9C6E-A72FD4157DF7" otype="FKIndexAssociation" vid_source="DC534D64-633D-6CA9-4D58-902C09D34D11" vid_target="573357FA-D725-71F9-3883-A811EBDEA2E0">
<hideElementsInCurrentOnly>false</hideElementsInCurrentOnly>
<backgroundColor>-16777216</backgroundColor>
<lineWidth>1</lineWidth>
<points>
<point x="267" y="100"/>
<point x="354" y="100"/>
</points>
</Connector>
<Connector class="oracle.dbtools.crest.swingui.relational.TVFKRelation" oid="B40780BD-B12E-D69A-0B8E-EE7DA0A7B5E7" otype="FKIndexAssociation" vid_source="9403F8FF-275D-6EFB-206A-896276453813" vid_target="1428A29D-4175-D601-EB27-F74787A80379">
<hideElementsInCurrentOnly>false</hideElementsInCurrentOnly>
<backgroundColor>-16777216</backgroundColor>
<lineWidth>1</lineWidth>
<points>
<point x="408" y="496"/>
<point x="535" y="496"/>
</points>
</Connector>
<Connector class="oracle.dbtools.crest.swingui.relational.TVFKRelation" oid="D13C2AAE-36E2-FD58-9746-AE31B1F41C46" otype="FKIndexAssociation" vid_source="573357FA-D725-71F9-3883-A811EBDEA2E0" vid_target="9F10B64D-B215-5424-42DA-26433CAAA49F">
<hideElementsInCurrentOnly>false</hideElementsInCurrentOnly>
<backgroundColor>-16777216</backgroundColor>
<lineWidth>1</lineWidth>
<points>
<point x="596" y="195"/>
<point x="721" y="195"/>
</points>
</Connector>
<Connector class="oracle.dbtools.crest.swingui.relational.TVFKRelation" oid="DA4B6583-A6B2-CFE6-C3B6-D563FB6CB3B4" otype="FKIndexAssociation" vid_source="573357FA-D725-71F9-3883-A811EBDEA2E0" vid_target="B11ADEB9-9136-AE07-7371-EB88D2F5EF76">
<hideElementsInCurrentOnly>false</hideElementsInCurrentOnly>
<backgroundColor>-16777216</backgroundColor>
<lineWidth>1</lineWidth>
<points>
<point x="534" y="206"/>
<point x="534" y="256"/>
</points>
</Connector>
<Connector class="oracle.dbtools.crest.swingui.relational.TVFKRelation" oid="E616872F-38FA-C442-B84A-8B4C8DA380AF" otype="FKIndexAssociation" vid_source="9403F8FF-275D-6EFB-206A-896276453813" vid_target="9E076B1D-3FA9-52E3-E6D6-A16D7E08BD2F">
<hideElementsInCurrentOnly>false</hideElementsInCurrentOnly>
<backgroundColor>-16777216</backgroundColor>
<lineWidth>1</lineWidth>
<points>
<point x="175" y="610"/>
<point x="175" y="660"/>
</points>
</Connector>
</connectors>
<arcs>
<Arc class="oracle.dbtools.crest.swingui.relational.TVFKArc" oid="78730447-22D8-D2C1-0ABA-78E6E51D1024" otype="FKArc" vid="8CFF4132-D01F-23D7-4FF5-4E4AF3C47152">
<hideElementsInCurrentOnly>false</hideElementsInCurrentOnly>
<bounds x="334" y="16" width="282" height="210"/>
</Arc>
</arcs>
</Diagram>